2024-06-14 20:01:06,search,happy,Chuck Norris gets a happy ending when strangling mountain lions.
2024-06-14 20:01:18,random,,"Chuck Norris does not eat Honey, he eats the bees"
2024-06-14 20:01:33,search,car,Chuck Norris won the daytona 500 in a flintstone car
2024-06-14 20:02:35,search,animal,Chuck Norris believes that Shanimal rocks.
2024-06-14 20:02:42,random,,Chuck Norris can literally break his foot off in your ass.
2024-06-14 20:02:46,random,,Chuck Norris broke the sound barrier with the Goodyear blimp.
2024-06-14 20:03:01,search,money,"When Chuck Norris calls 1-900 numbers, he doesn't get charged. He holds up the phone and money falls out."
2024-06-14 20:03:36,random,,"Superman is afraid of only two things, kryptonite--and Chuck Norris."
2024-06-14 20:03:38,search,car,Chuck Norris won the daytona 500 in a flintstone car
2024-06-15 10:26:38,random,,"Chuck Norris is the law. And if you break the law, the law breaks you."
2024-06-15 10:26:39,search,car,Chuck Norris won the daytona 500 in a flintstone car
2024-06-15 10:31:09,random,,"When Chuck Norris tries to kill himself, he always dodges the killing blow 'cause he's that awesome."
2024-06-15 10:31:10,search,car,Chuck Norris won the daytona 500 in a flintstone car
2024-06-15 10:41:46,random,,All medieval countries translated Chuck Norris' name the same: Bubonic.
2024-06-15 10:41:47,search,car,Chuck Norris won the daytona 500 in a flintstone car
2024-06-15 10:42:28,random,,"A Chuck Norris flying roundhouse kick to the buttocks has been known to cause an infected, yellow pus filled abscess in hemorrhoidal tissue."
2024-06-15 10:42:29,search,car,Chuck Norris won the daytona 500 in a flintstone car
2024-06-15 10:43:35,random,,The arc of triumph in Paris is Chuck Norris cock-ring.
2024-06-15 10:43:36,search,car,Chuck Norris won the daytona 500 in a flintstone car
2024-06-15 10:50:20,random,,"Brian didn't survive Chuck Norris' punch- It was only a ghost who came from undeneath the table. It's hard to tell, because Brian is already white. Gee, I wonder how that happened!"
2024-06-15 10:50:22,search,car,Chuck Norris won the daytona 500 in a flintstone car
2024-06-15 10:51:50,random,,Chuck Norris polishes the marble floors of his palaces by moonwalking around them.
2024-06-15 10:51:51,search,car,Chuck Norris won the daytona 500 in a flintstone car
